"USERNAME","DATE","TIME"
"kwog@hydro.mb.ca","2022-10-26","2022-10-26 11:03:54"
"kwog@hydro.mb.ca","2022-10-26","2022-10-26 11:14:19"
"kwog@hydro.mb.ca","2022-10-26","2022-10-26 11:15:46"
"kwog@hydro.mb.ca","2022-10-26","2022-10-26 11:18:17"
"kwog@hydro.mb.ca","2022-10-26","11:21:28"
"kwog@hydro.mb.ca","2022-10-26","11:21:51"
"kwog@hydro.mb.ca","2022-10-26","11:21:52"
"kwog@hydro.mb.ca","2022-10-26","11:21:52"
"kwog@hydro.mb.ca","2022-10-26","11:21:52"
"kwog@hydro.mb.ca","2022-10-26","11:22:06"
"kwog@hydro.mb.ca","2022-10-26","11:28:44"
"username_10","2022-10-26","11:29:01"
"kwog@hydro.mb.ca","2022-10-26","11:52:09"
"kwog@hydro.mb.ca","2022-10-26","11:53:48"
"kwog@hydro.mb.ca","2022-10-26","12:39:41"
"kwog@hydro.mb.ca","2022-10-26","12:42:58"
"kwog@hydro.mb.ca","2022-10-26","12:44:28"
"kwog@hydro.mb.ca","2022-10-26","12:47:37"
"kwog@hydro.mb.ca","2022-10-26","12:48:45"
"kwog@hydro.mb.ca","2022-10-26","12:56:52"
"kwog@hydro.mb.ca","2022-10-26","14:29:08"
"kwog@hydro.mb.ca","2022-10-26","14:31:36"
"kwog@hydro.mb.ca","2022-10-26","14:33:06"
"kwog@hydro.mb.ca","2022-10-26","14:34:32"
"kwog@hydro.mb.ca","2022-10-26","14:36:25"
"kwog@hydro.mb.ca","2022-10-26","14:38:08"
"kwog@hydro.mb.ca","2022-10-26","14:39:32"
"kwog@hydro.mb.ca","2022-10-26","14:44:05"
"kwog@hydro.mb.ca","2022-10-26","14:50:47"
"kwog@hydro.mb.ca","2022-10-26","14:51:29"
"kwog@hydro.mb.ca","2022-10-26","14:53:58"
"kwog@hydro.mb.ca","2022-10-26","15:02:44"
"kwog@hydro.mb.ca","2022-10-26","15:03:04"
"kwog@hydro.mb.ca","2022-10-26","15:04:06"
"kwog@hydro.mb.ca","2022-10-26","15:04:41"
"kwog@hydro.mb.ca","2022-10-26","15:16:35"
"kwog@hydro.mb.ca","2022-10-27","11:35:27"
"kwog@hydro.mb.ca","2022-10-27","11:42:00"
"kwog@hydro.mb.ca","2022-10-27","11:43:15"
"kwog@hydro.mb.ca","2022-10-27","11:44:02"
"bobby_bobby","2022-10-27","11:45:08"
"kwog@hydro.mb.ca","2022-10-27","11:51:25"
"kwog@hydro.mb.ca","2022-10-27","11:54:42"
"kwog@hydro.mb.ca","2022-10-27","11:54:45"
"kwog@hydro.mb.ca","2022-10-27","11:54:49"
"kwog@hydro.mb.ca","2022-10-27","12:27:41"
"kwog@hydro.mb.ca","2022-10-27","12:29:59"
"kwog@hydro.mb.ca","2022-10-27","13:41:53"
"bippofatty123","2022-10-27","15:13:19"
"username_12","2022-10-27","15:15:08"
"kwog@hydro.mb.ca","2022-10-27","16:41:29"
"username_13","2022-10-27","16:44:51"
"kwog@hydro.mb.ca","2022-10-27","16:46:27"
"kwog@hydro.mb.ca","2022-10-27","16:50:26"
"kwog@hydro.mb.ca","2022-10-28","07:38:28"
"kwog@hydro.mb.ca","2022-10-28","07:42:25"
"kwog@hydro.mb.ca","2022-10-28","07:43:16"
"kwog@hydro.mb.ca","2022-10-28","07:44:34"
"kwog@hydro.mb.ca","2022-10-28","07:47:54"
"kwog@hydro.mb.ca","2022-10-28","07:49:35"
"kwog@hydro.mb.ca","2022-10-28","07:52:56"
"kwog@hydro.mb.ca","2022-10-28","07:59:08"
"kwog@hydro.mb.ca","2022-10-28","08:05:58"
"kwog@hydro.mb.ca","2022-10-28","08:15:34"
"username_13","2022-10-28","08:16:01"
"username_13","2022-10-28","08:16:17"
"username_13","2022-10-28","08:17:24"
"username_13","2022-10-28","08:18:20"
"username_13","2022-10-28","08:20:09"
"kwog@hydro.mb.ca","2022-10-28","08:21:05"
"username_14","2022-10-28","08:22:28"
"username_14","2022-10-28","08:26:37"
"kwog@hydro.mb.ca","2022-10-28","09:00:46"
"username_14","2022-10-28","09:01:16"
"username_14","2022-10-28","09:05:26"
"username_14","2022-10-28","09:08:29"
"username_14","2022-10-28","09:08:54"
"username_14","2022-10-28","09:27:15"
"username_14","2022-10-28","09:28:02"
"kwog@hydro.mb.ca","2022-10-28","11:20:18"
"kwog@hydro.mb.ca","2022-10-28","11:28:32"
"kwog@hydro.mb.ca","2022-10-28","11:29:42"
"kwog@hydro.mb.ca","2022-10-28","11:31:24"
"kwog@hydro.mb.ca","2022-10-28","11:40:36"
"kwog@hydro.mb.ca","2022-10-28","11:41:39"
"kwog@hydro.mb.ca","2022-10-28","11:42:50"
"kwog@hydro.mb.ca","2022-10-28","11:49:16"
"username_14","2022-10-28","11:50:07"
"kwog@hydro.mb.ca","2022-10-28","11:53:54"
"kwog@hydro.mb.ca","2022-10-28","12:27:09"
"kwog@hydro.mb.ca","2022-10-28","12:45:28"
"username_15","2022-10-28","12:54:25"
"username_15","2022-10-28","12:54:54"
"username_16","2022-10-28","12:58:06"
"username_16","2022-10-28","13:00:53"
"kwog@hydro.mb.ca","2022-10-28","13:03:42"
"kwog@hydro.mb.ca","2022-10-28","13:04:29"
"kwog@hydro.mb.ca","2022-10-28","13:13:31"
"kwog@hydro.mb.ca","2022-10-28","13:34:30"
"kwog@hydro.mb.ca","2022-10-28","15:11:20"
"kwog@hydro.mb.ca","2022-10-28","16:47:10"
"kwog@hydro.mb.ca","2022-10-28","16:49:42"
"kwog@hydro.mb.ca","2022-10-28","16:50:35"
"kwog@hydro.mb.ca","2022-10-28","16:51:16"
"kwog@hydro.mb.ca","2022-10-28","16:53:50"
"kwog@hydro.mb.ca","2022-10-28","16:56:15"
"kwog@hydro.mb.ca","2022-10-28","17:00:07"
"kwog@hydro.mb.ca","2022-10-28","17:01:12"
"kwog@hydro.mb.ca","2022-10-28","17:03:12"
"zuccybb2010","2022-10-28","17:05:01"
"zuccybb2010","2022-10-28","17:05:56"
"kwog@hydro.mb.ca","2022-10-28","20:40:53"
"kwog@hydro.mb.ca","2022-10-28","20:42:14"
"kwog@hydro.mb.ca","2022-10-28","20:43:34"
"kwog@hydro.mb.ca","2022-10-28","20:44:36"
"kwog@hydro.mb.ca","2022-10-28","20:46:58"
"kwog@hydro.mb.ca","2022-10-28","20:50:51"
"kwog@hydro.mb.ca","2022-10-28","20:51:39"
"kwog@hydro.mb.ca","2022-10-28","20:52:46"
"kwog@hydro.mb.ca","2022-10-28","20:53:53"
"kwog@hydro.mb.ca","2022-10-28","20:54:22"
"kwog@hydro.mb.ca","2022-10-28","20:58:58"
"kwog@hydro.mb.ca","2022-10-29","14:16:31"
"kwog@hydro.mb.ca","2022-10-29","14:17:26"
"kwog@hydro.mb.ca","2022-10-29","14:18:04"
"kwog@hydro.mb.ca","2022-10-29","14:18:56"
"kwog@hydro.mb.ca","2022-10-29","14:52:25"
"kwog@hydro.mb.ca","2022-10-29","14:53:24"
"kwog@hydro.mb.ca","2022-10-29","14:57:35"
"kwog@hydro.mb.ca","2022-10-29","14:59:29"
"kwog@hydro.mb.ca","2022-10-29","15:07:47"
"kwog@hydro.mb.ca","2022-10-29","15:09:54"
"kwog@hydro.mb.ca","2022-10-29","15:13:49"
"username_18","2022-10-29","15:58:41"
"kwog@hydro.mb.ca","2022-10-29","16:07:17"
"kwog@hydro.mb.ca","2022-10-29","16:15:00"
"bippofatty1234","2022-10-29","16:43:32"
"kwog@hydro.mb.ca","2022-10-29","16:44:09"
"kwog@hydro.mb.ca","2022-10-29","16:53:16"
"kwog@hydro.mb.ca","2022-10-30","19:23:14"
"kwog@hydro.mb.ca","2022-10-31","10:36:30"
"kwog@hydro.mb.ca","2022-10-31","10:43:47"
"kwog@hydro.mb.ca","2022-10-31","10:44:31"
"kwog@hydro.mb.ca","2022-10-31","10:52:49"
"kwog@hydro.mb.ca","2022-10-31","10:55:58"
"kwog@hydro.mb.ca","2022-10-31","10:59:08"
"kwog@hydro.mb.ca","2022-10-31","12:43:54"
"kwog@hydro.mb.ca","2022-10-31","13:15:46"
"kwog@hydro.mb.ca","2022-10-31","15:46:11"
"kwog@hydro.mb.ca","2022-10-31","15:54:59"
"kwog@hydro.mb.ca","2022-10-31","17:05:17"
"kwog@hydro.mb.ca","2022-10-31","17:21:35"
"kwog@hydro.mb.ca","2022-10-31","20:39:25"
"kwog@hydro.mb.ca","2022-10-31","20:45:15"
"kwog@hydro.mb.ca","2022-10-31","20:45:52"
"kwog@hydro.mb.ca","2022-10-31","20:48:06"
"kwog@hydro.mb.ca","2022-10-31","20:51:49"
"kwog@hydro.mb.ca","2022-10-31","21:01:17"
"kwog@hydro.mb.ca","2022-10-31","21:29:40"
"kwog@hydro.mb.ca","2022-10-31","22:50:16"
"kwog@hydro.mb.ca","2022-10-31","22:50:50"
"kwog@hydro.mb.ca","2022-10-31","22:54:50"
"kwog@hydro.mb.ca","2022-10-31","22:56:22"
"kwog@hydro.mb.ca","2022-10-31","23:00:59"
"kwog@hydro.mb.ca","2022-10-31","23:02:08"
"kwog@hydro.mb.ca","2022-10-31","23:04:26"
"kwog@hydro.mb.ca","2022-10-31","23:05:44"
"kwog@hydro.mb.ca","2022-10-31","23:06:12"
"kwog@hydro.mb.ca","2022-11-01","10:28:52"
"kwog@hydro.mb.ca","2022-11-01","10:31:53"
"kwog@hydro.mb.ca","2022-11-01","10:57:28"
"kwog@hydro.mb.ca","2022-11-01","11:00:01"
"kwog@hydro.mb.ca","2022-11-01","11:01:43"
"kwog@hydro.mb.ca","2022-11-01","13:21:55"
"kwog@hydro.mb.ca","2022-11-01","13:24:12"
"kwog@hydro.mb.ca","2022-11-01","13:27:24"
"kwog@hydro.mb.ca","2022-11-01","13:30:21"
"kwog@hydro.mb.ca","2022-11-01","16:05:10"
"kwog@hydro.mb.ca","2022-11-01","16:09:53"
"kwog@hydro.mb.ca","2022-11-01","16:11:47"
"kwog@hydro.mb.ca","2022-11-01","16:13:15"
"kwog@hydro.mb.ca","2022-11-01","16:15:45"
"kwog@hydro.mb.ca","2022-11-01","16:17:38"
"kwog@hydro.mb.ca","2022-11-01","16:23:29"
"kwog@hydro.mb.ca","2022-11-01","16:30:20"
"kwog@hydro.mb.ca","2022-11-01","16:51:34"
"kwog@hydro.mb.ca","2022-11-01","17:01:12"
"kwog@hydro.mb.ca","2022-11-01","17:04:12"
"kwog@hydro.mb.ca","2022-11-01","17:04:41"
"kwog@hydro.mb.ca","2022-11-01","17:10:54"
"kwog@hydro.mb.ca","2022-11-01","18:11:04"
"kwog@hydro.mb.ca","2022-11-01","18:19:47"
"kwog@hydro.mb.ca","2022-11-01","18:25:41"
"kwog@hydro.mb.ca","2022-11-01","18:26:27"
"kwog@hydro.mb.ca","2022-11-01","18:28:47"
"kwog@hydro.mb.ca","2022-11-01","18:29:49"
"kwog@hydro.mb.ca","2022-11-01","18:30:53"
"kwog@hydro.mb.ca","2022-11-01","18:32:23"
"kwog@hydro.mb.ca","2022-11-01","18:33:41"
"kwog@hydro.mb.ca","2022-11-01","18:35:00"
"kwog@hydro.mb.ca","2022-11-02","11:35:46"
"kwog@hydro.mb.ca","2022-11-02","11:42:22"
"kwog@hydro.mb.ca","2022-11-02","11:44:38"
"kwog@hydro.mb.ca","2022-11-02","11:46:21"
"kwog@hydro.mb.ca","2022-11-02","11:49:09"
"kwog@hydro.mb.ca","2022-11-02","11:51:05"
"kwog@hydro.mb.ca","2022-11-02","11:51:52"
"kwog@hydro.mb.ca","2022-11-02","11:52:30"
"kwog@hydro.mb.ca","2022-11-02","11:53:40"
"kwog@hydro.mb.ca","2022-11-02","11:54:17"
"kwog@hydro.mb.ca","2022-11-02","11:57:27"
"kwog@hydro.mb.ca","2022-11-02","14:18:21"
"kwog@hydro.mb.ca","2022-11-02","14:21:28"
"kwog@hydro.mb.ca","2022-11-02","14:27:15"
"kwog@hydro.mb.ca","2022-11-02","14:36:11"
"kwog@hydro.mb.ca","2022-11-02","14:36:13"
"kwog@hydro.mb.ca","2022-11-02","14:49:08"
"kwog@hydro.mb.ca","2022-11-02","14:56:30"
"kwog@hydro.mb.ca","2022-11-02","14:58:20"
"kwog@hydro.mb.ca","2022-11-02","14:59:00"
"kwog@hydro.mb.ca","2022-11-02","15:06:09"
"kwog@hydro.mb.ca","2022-11-02","15:07:49"
"kwog@hydro.mb.ca","2022-11-02","15:07:55"
"kwog@hydro.mb.ca","2022-11-02","15:07:56"
"kwog@hydro.mb.ca","2022-11-02","15:07:56"
"kwog@hydro.mb.ca","2022-11-02","15:07:56"
"kwog@hydro.mb.ca","2022-11-02","15:07:57"
"kwog@hydro.mb.ca","2022-11-02","15:07:57"
"kwog@hydro.mb.ca","2022-11-02","15:07:57"
"kwog@hydro.mb.ca","2022-11-02","15:07:58"
"kwog@hydro.mb.ca","2022-11-02","15:07:58"
"kwog@hydro.mb.ca","2022-11-02","15:07:58"
"kwog@hydro.mb.ca","2022-11-02","15:07:59"
"kwog@hydro.mb.ca","2022-11-02","15:07:59"
"kwog@hydro.mb.ca","2022-11-02","15:07:59"
"kwog@hydro.mb.ca","2022-11-02","15:08:07"
"kwog@hydro.mb.ca","2022-11-02","15:08:07"
"kwog@hydro.mb.ca","2022-11-02","15:08:07"
"kwog@hydro.mb.ca","2022-11-02","15:08:07"
"kwog@hydro.mb.ca","2022-11-02","15:08:08"
"kwog@hydro.mb.ca","2022-11-02","15:08:08"
"kwog@hydro.mb.ca","2022-11-02","15:08:08"
"kwog@hydro.mb.ca","2022-11-02","15:08:09"
"kwog@hydro.mb.ca","2022-11-02","15:08:09"
"kwog@hydro.mb.ca","2022-11-02","15:08:09"
"kwog@hydro.mb.ca","2022-11-02","15:08:10"
"kwog@hydro.mb.ca","2022-11-02","15:08:10"
"kwog@hydro.mb.ca","2022-11-02","15:08:10"
"kwog@hydro.mb.ca","2022-11-02","15:08:11"
"kwog@hydro.mb.ca","2022-11-02","15:08:11"
"kwog@hydro.mb.ca","2022-11-02","15:08:11"
"kwog@hydro.mb.ca","2022-11-02","15:08:11"
"kwog@hydro.mb.ca","2022-11-02","15:08:17"
"kwog@hydro.mb.ca","2022-11-02","15:08:17"
"kwog@hydro.mb.ca","2022-11-02","15:08:18"
"kwog@hydro.mb.ca","2022-11-02","15:08:18"
"kwog@hydro.mb.ca","2022-11-02","15:08:18"
"kwog@hydro.mb.ca","2022-11-02","15:08:18"
"kwog@hydro.mb.ca","2022-11-02","15:08:19"
"kwog@hydro.mb.ca","2022-11-02","15:08:19"
"kwog@hydro.mb.ca","2022-11-02","15:08:19"
"kwog@hydro.mb.ca","2022-11-02","15:08:20"
"kwog@hydro.mb.ca","2022-11-02","15:08:21"
"kwog@hydro.mb.ca","2022-11-02","15:08:22"
"kwog@hydro.mb.ca","2022-11-02","15:08:22"
"kwog@hydro.mb.ca","2022-11-02","15:08:23"
"kwog@hydro.mb.ca","2022-11-02","15:08:23"
"kwog@hydro.mb.ca","2022-11-02","15:08:23"
"kwog@hydro.mb.ca","2022-11-02","15:08:24"
"kwog@hydro.mb.ca","2022-11-02","15:08:24"
"kwog@hydro.mb.ca","2022-11-02","15:08:24"
"kwog@hydro.mb.ca","2022-11-02","15:08:25"
"kwog@hydro.mb.ca","2022-11-02","15:08:25"
"kwog@hydro.mb.ca","2022-11-02","15:08:25"
"kwog@hydro.mb.ca","2022-11-02","15:08:26"
"kwog@hydro.mb.ca","2022-11-02","15:08:26"
"kwog@hydro.mb.ca","2022-11-02","15:08:26"
"kwog@hydro.mb.ca","2022-11-02","15:08:26"
"kwog@hydro.mb.ca","2022-11-02","15:08:27"
"kwog@hydro.mb.ca","2022-11-02","15:08:27"
"kwog@hydro.mb.ca","2022-11-02","15:08:27"
"kwog@hydro.mb.ca","2022-11-02","15:08:28"
"kwog@hydro.mb.ca","2022-11-02","15:08:28"
"kwog@hydro.mb.ca","2022-11-02","15:08:28"
"kwog@hydro.mb.ca","2022-11-02","15:08:29"
"kwog@hydro.mb.ca","2022-11-02","15:08:29"
"kwog@hydro.mb.ca","2022-11-02","15:08:29"
"kwog@hydro.mb.ca","2022-11-02","15:08:30"
"kwog@hydro.mb.ca","2022-11-02","15:08:30"
"kwog@hydro.mb.ca","2022-11-02","15:08:30"
"kwog@hydro.mb.ca","2022-11-02","15:08:30"
"kwog@hydro.mb.ca","2022-11-02","15:08:31"
"kwog@hydro.mb.ca","2022-11-02","15:08:31"
"kwog@hydro.mb.ca","2022-11-02","15:08:31"
"kwog@hydro.mb.ca","2022-11-02","15:08:32"
"kwog@hydro.mb.ca","2022-11-02","15:08:32"
"kwog@hydro.mb.ca","2022-11-02","15:08:32"
"kwog@hydro.mb.ca","2022-11-02","15:08:33"
"kwog@hydro.mb.ca","2022-11-02","15:08:33"
"kwog@hydro.mb.ca","2022-11-02","15:08:33"
"kwog@hydro.mb.ca","2022-11-02","15:08:34"
"kwog@hydro.mb.ca","2022-11-02","15:08:34"
"kwog@hydro.mb.ca","2022-11-02","15:08:34"
"kwog@hydro.mb.ca","2022-11-02","15:08:35"
"kwog@hydro.mb.ca","2022-11-02","15:08:35"
"kwog@hydro.mb.ca","2022-11-02","15:08:35"
"kwog@hydro.mb.ca","2022-11-02","15:08:35"
"kwog@hydro.mb.ca","2022-11-02","15:08:36"
"kwog@hydro.mb.ca","2022-11-02","15:08:36"
"kwog@hydro.mb.ca","2022-11-02","15:08:36"
"kwog@hydro.mb.ca","2022-11-02","15:08:37"
"kwog@hydro.mb.ca","2022-11-02","15:08:37"
"kwog@hydro.mb.ca","2022-11-02","15:08:37"
"kwog@hydro.mb.ca","2022-11-02","15:08:38"
"kwog@hydro.mb.ca","2022-11-02","15:08:38"
"kwog@hydro.mb.ca","2022-11-02","15:08:38"
"kwog@hydro.mb.ca","2022-11-02","15:08:39"
"kwog@hydro.mb.ca","2022-11-02","15:08:39"
"kwog@hydro.mb.ca","2022-11-02","15:08:39"
"kwog@hydro.mb.ca","2022-11-02","15:08:40"
"kwog@hydro.mb.ca","2022-11-02","15:08:40"
"kwog@hydro.mb.ca","2022-11-02","15:08:40"
"kwog@hydro.mb.ca","2022-11-02","15:08:40"
"kwog@hydro.mb.ca","2022-11-02","15:08:41"
"kwog@hydro.mb.ca","2022-11-02","15:08:41"
"kwog@hydro.mb.ca","2022-11-02","15:08:41"
"kwog@hydro.mb.ca","2022-11-02","15:08:42"
"kwog@hydro.mb.ca","2022-11-02","15:08:42"
"kwog@hydro.mb.ca","2022-11-02","15:09:24"
"kwog@hydro.mb.ca","2022-11-02","15:12:27"
"kwog@hydro.mb.ca","2022-11-02","15:16:41"
"kwog@hydro.mb.ca","2022-11-02","15:16:52"
"kwog@hydro.mb.ca","2022-11-02","15:27:51"
"kwog@hydro.mb.ca","2022-11-02","23:21:35"
"kwog@hydro.mb.ca","2022-11-02","23:22:16"
"kwog@hydro.mb.ca","2022-11-02","23:26:02"
"kwog@hydro.mb.ca","2022-11-02","23:35:49"
"kwog@hydro.mb.ca","2022-11-02","23:37:11"
"kwog@hydro.mb.ca","2022-11-02","23:39:36"
"kwog@hydro.mb.ca","2022-11-02","23:41:40"
"kwog@hydro.mb.ca","2022-11-02","23:42:20"
"kwog@hydro.mb.ca","2022-11-02","23:45:53"
"kwog@hydro.mb.ca","2022-11-02","23:47:28"
"kwog@hydro.mb.ca","2022-11-03","08:43:18"
"kwog@hydro.mb.ca","2022-11-03","08:45:06"
"kwog@hydro.mb.ca","2022-11-03","10:44:02"
"kwog@hydro.mb.ca","2022-11-03","10:45:01"
"username_21","2022-11-03","10:47:59"
"kwog@hydro.mb.ca","2022-11-03","11:00:07"
"kwog@hydro.mb.ca","2022-11-03","11:07:05"
"kwog@hydro.mb.ca","2022-11-03","11:16:38"
"kwog@hydro.mb.ca","2022-11-03","11:30:00"
"kwog@hydro.mb.ca","2022-11-03","11:31:26"
"kwog@hydro.mb.ca","2022-11-03","11:34:05"
"kwog@hydro.mb.ca","2022-11-03","11:34:15"
"kwog@hydro.mb.ca","2022-11-03","11:34:16"
"kwog@hydro.mb.ca","2022-11-03","11:36:19"
"kwog@hydro.mb.ca","2022-11-03","11:39:51"
"kwog@hydro.mb.ca","2022-11-03","11:41:07"
"kwog@hydro.mb.ca","2022-11-03","11:47:33"
"kwog@hydro.mb.ca","2022-11-03","11:49:31"
"kwog@hydro.mb.ca","2022-11-03","11:50:44"
"kwog@hydro.mb.ca","2022-11-03","11:51:10"
"kwog@hydro.mb.ca","2022-11-03","11:51:49"
"kwog@hydro.mb.ca","2022-11-03","11:53:20"
"kwog@hydro.mb.ca","2022-11-03","11:55:48"
"kwog@hydro.mb.ca","2022-11-03","11:56:34"
"kwog@hydro.mb.ca","2022-11-03","11:59:02"
"kwog@hydro.mb.ca","2022-11-03","12:01:49"
"kwog@hydro.mb.ca","2022-11-03","12:02:55"
"kwog@hydro.mb.ca","2022-11-03","12:04:58"
"kwog@hydro.mb.ca","2022-11-03","12:05:48"
"kwog@hydro.mb.ca","2022-11-03","12:07:32"
"kwog@hydro.mb.ca","2022-11-03","12:08:09"
"kwog@hydro.mb.ca","2022-11-03","12:08:42"
"kwog@hydro.mb.ca","2022-11-03","12:11:26"
"kwog@hydro.mb.ca","2022-11-03","12:12:55"
"kwog@hydro.mb.ca","2022-11-03","12:13:52"
"kwog@hydro.mb.ca","2022-11-03","12:18:44"
"kwog@hydro.mb.ca","2022-11-03","12:30:40"
"kwog@hydro.mb.ca","2022-11-03","12:54:45"
"kwog@hydro.mb.ca","2022-11-03","13:49:14"
"kwog@hydro.mb.ca","2022-11-03","13:58:32"
"kwog@hydro.mb.ca","2022-11-03","14:01:17"
"kwog@hydro.mb.ca","2022-11-03","14:02:11"
"kwog@hydro.mb.ca","2022-11-03","14:02:42"
"kwog@hydro.mb.ca","2022-11-03","14:03:19"
"kwog@hydro.mb.ca","2022-11-03","14:05:52"
"kwog@hydro.mb.ca","2022-11-03","14:14:40"
"kwog@hydro.mb.ca","2022-11-03","14:16:46"
"kwog@hydro.mb.ca","2022-11-03","14:17:19"
"kwog@hydro.mb.ca","2022-11-03","14:35:03"
"kwog@hydro.mb.ca","2022-11-03","14:37:22"
"kwog@hydro.mb.ca","2022-11-03","14:39:34"
"kwog@hydro.mb.ca","2022-11-03","14:40:41"
"kwog@hydro.mb.ca","2022-11-03","14:41:12"
"kwog@hydro.mb.ca","2022-11-03","14:43:32"
"kwog@hydro.mb.ca","2022-11-03","14:44:32"
"kwog@hydro.mb.ca","2022-11-03","14:57:52"
"kwog@hydro.mb.ca","2022-11-03","15:08:50"
"kwog@hydro.mb.ca","2022-11-03","15:13:11"
"kwog@hydro.mb.ca","2022-11-03","15:18:00"
"kwog@hydro.mb.ca","2022-11-03","15:19:33"
"kwog@hydro.mb.ca","2022-11-03","15:21:23"
"kwog@hydro.mb.ca","2022-11-03","15:21:58"
"kwog@hydro.mb.ca","2022-11-03","15:55:21"
"kwog@hydro.mb.ca","2022-11-03","16:20:27"
"kwog@hydro.mb.ca","2022-11-03","16:24:55"
"kwog@hydro.mb.ca","2022-11-03","16:30:29"
"kwog@hydro.mb.ca","2022-11-03","16:31:16"
"kwog@hydro.mb.ca","2022-11-03","16:35:52"
"kwog@hydro.mb.ca","2022-11-03","16:39:31"
"kwog@hydro.mb.ca","2022-11-03","16:48:09"
"kwog@hydro.mb.ca","2022-11-03","16:51:34"
"kwog@hydro.mb.ca","2022-11-03","16:52:10"
"kwog@hydro.mb.ca","2022-11-03","16:53:43"
"kwog@hydro.mb.ca","2022-11-03","16:56:24"
"kwog@hydro.mb.ca","2022-11-03","16:57:11"
"kwog@hydro.mb.ca","2022-11-03","16:57:48"
"kwog@hydro.mb.ca","2022-11-03","17:12:45"
"kwog@hydro.mb.ca","2022-11-03","17:14:01"
"kwog@hydro.mb.ca","2022-11-03","18:54:06"
"kwog@hydro.mb.ca","2022-11-03","18:56:26"
"kwog@hydro.mb.ca","2022-11-03","18:57:34"
"kwog@hydro.mb.ca","2022-11-03","19:09:28"
"kwog@hydro.mb.ca","2022-11-03","19:13:34"
"kwog@hydro.mb.ca","2022-11-03","19:23:21"
"kwog@hydro.mb.ca","2022-11-03","19:32:07"
"kwog@hydro.mb.ca","2022-11-03","19:34:38"
"kwog@hydro.mb.ca","2022-11-03","19:37:40"
"kwog@hydro.mb.ca","2022-11-04","07:40:18"
"kwog@hydro.mb.ca","2022-11-04","08:26:54"
"kwog@hydro.mb.ca","2022-11-04","08:34:49"
"kwog@hydro.mb.ca","2022-11-04","08:44:26"
"kwog@hydro.mb.ca","2022-11-04","08:51:34"
"kwog@hydro.mb.ca","2022-11-04","08:51:57"
"kwog@hydro.mb.ca","2022-11-04","08:57:28"
"kwog@hydro.mb.ca","2022-11-04","09:05:12"
"kwog@hydro.mb.ca","2022-11-04","09:12:39"
"kwog@hydro.mb.ca","2022-11-04","09:13:21"
"kwog@hydro.mb.ca","2022-11-04","09:22:11"
"kwog@hydro.mb.ca","2022-11-04","09:23:49"
"kwog@hydro.mb.ca","2022-11-04","09:24:41"
"kwog@hydro.mb.ca","2022-11-04","09:26:37"
"kwog@hydro.mb.ca","2022-11-04","09:30:42"
"kwog@hydro.mb.ca","2022-11-04","09:32:44"
"kwog@hydro.mb.ca","2022-11-04","09:33:48"
"kwog@hydro.mb.ca","2022-11-04","09:34:51"
"kwog@hydro.mb.ca","2022-11-04","09:35:19"
"kwog@hydro.mb.ca","2022-11-04","09:37:50"
"kwog@hydro.mb.ca","2022-11-04","09:38:41"
"kwog@hydro.mb.ca","2022-11-04","09:40:38"
"kwog@hydro.mb.ca","2022-11-04","09:43:27"
"kwog@hydro.mb.ca","2022-11-04","09:46:02"
"kwog@hydro.mb.ca","2022-11-04","09:47:05"
"kwog@hydro.mb.ca","2022-11-04","09:48:08"
"kwog@hydro.mb.ca","2022-11-04","09:51:25"
"kwog@hydro.mb.ca","2022-11-04","09:55:12"
"kwog@hydro.mb.ca","2022-11-04","10:04:36"
"kwog@hydro.mb.ca","2022-11-04","10:05:30"
"kwog@hydro.mb.ca","2022-11-04","10:10:17"
"kwog@hydro.mb.ca","2022-11-04","10:11:39"
"kwog@hydro.mb.ca","2022-11-04","10:13:36"
"kwog@hydro.mb.ca","2022-11-04","10:15:23"
"kwog@hydro.mb.ca","2022-11-04","10:18:18"
"kwog@hydro.mb.ca","2022-11-04","10:19:59"
"kwog@hydro.mb.ca","2022-11-04","10:21:36"
"kwog@hydro.mb.ca","2022-11-04","10:45:48"
"kwog@hydro.mb.ca","2022-11-04","10:48:28"
"kwog@hydro.mb.ca","2022-11-04","11:25:24"
"kwog@hydro.mb.ca","2022-11-04","11:32:27"
"kwog@hydro.mb.ca","2022-11-04","11:36:22"
"kwog@hydro.mb.ca","2022-11-04","11:47:00"
"kwog@hydro.mb.ca","2022-11-04","12:02:25"
"kwog@hydro.mb.ca","2022-11-04","12:04:32"
"kwog@hydro.mb.ca","2022-11-04","12:07:11"
"kwog@hydro.mb.ca","2022-11-04","12:07:51"
"kwog@hydro.mb.ca","2022-11-04","12:08:46"
"kwog@hydro.mb.ca","2022-11-04","12:09:58"
"kwog@hydro.mb.ca","2022-11-04","12:25:50"
"kwog@hydro.mb.ca","2022-11-04","12:27:46"
"kwog@hydro.mb.ca","2022-11-04","12:28:53"
"kwog@hydro.mb.ca","2022-11-04","12:30:12"
"kwog@hydro.mb.ca","2022-11-04","12:31:54"
"kwog@hydro.mb.ca","2022-11-04","12:32:51"
"kwog@hydro.mb.ca","2022-11-04","12:35:14"
"kwog@hydro.mb.ca","2022-11-04","12:36:46"
"kwog@hydro.mb.ca","2022-11-04","12:37:32"
"kwog@hydro.mb.ca","2022-11-04","12:50:25"
"kwog@hydro.mb.ca","2022-11-04","12:51:34"
"kwog@hydro.mb.ca","2022-11-04","12:53:39"
"kwog@hydro.mb.ca","2022-11-04","13:06:59"
"kwog@hydro.mb.ca","2022-11-04","13:08:38"
"kwog@hydro.mb.ca","2022-11-04","13:09:46"
"kwog@hydro.mb.ca","2022-11-04","13:10:19"
"kwog@hydro.mb.ca","2022-11-04","13:11:36"
"kwog@hydro.mb.ca","2022-11-04","13:12:38"
"kwog@hydro.mb.ca","2022-11-04","13:21:52"
"kwog@hydro.mb.ca","2022-11-04","13:26:57"
"kwog@hydro.mb.ca","2022-11-04","13:27:45"
"kwog@hydro.mb.ca","2022-11-04","13:32:23"
"kwog@hydro.mb.ca","2022-11-04","14:44:40"
"kwog@hydro.mb.ca","2022-11-04","14:55:21"
"kwog@hydro.mb.ca","2022-11-04","15:24:12"
"kwog@hydro.mb.ca","2022-11-04","15:26:10"
"kwog@hydro.mb.ca","2022-11-08","07:46:17"
"kwog@hydro.mb.ca","2022-11-08","07:53:37"
"kwog@hydro.mb.ca","2022-11-08","08:00:47"
"kwog@hydro.mb.ca","2022-11-08","08:03:40"
"kwog@hydro.mb.ca","2022-11-08","08:21:09"
"kwog@hydro.mb.ca","2022-11-08","08:23:33"
"kwog@hydro.mb.ca","2022-11-08","10:44:23"
"bippo_1234","2022-11-08","10:54:20"
"kwog@hydro.mb.ca","2022-11-08","10:58:37"
"kwog@hydro.mb.ca","2022-11-08","12:39:13"
"kwog@hydro.mb.ca","2022-11-08","12:56:59"
"bippo_1234","2022-11-08","12:57:12"
"kwog@hydro.mb.ca","2022-11-08","12:57:49"
"kjogow527","2022-11-08","12:59:04"
"kwog@hydro.mb.ca","2022-11-08","13:40:26"
"kwog@hydro.mb.ca","2022-11-08","14:14:01"
"kwog@hydro.mb.ca","2022-11-08","14:20:28"
"kwog@hydro.mb.ca","2022-11-08","14:33:25"
"kjogow527","2022-11-08","14:33:50"
"kjogow527","2022-11-08","14:34:10"
"kwog@hydro.mb.ca","2022-11-08","14:38:00"
"kwog@hydro.mb.ca","2022-11-08","15:35:56"
"demo_account","2022-11-14","07:05:55"
"kwog@hydro.mb.ca","2022-11-18","08:27:10"
"kwog@hydro.mb.ca","2022-11-18","08:33:07"
"kwog@hydro.mb.ca","2022-11-18","08:36:55"
"kwog@hydro.mb.ca","2022-11-18","08:43:42"
"kwog@hydro.mb.ca","2022-11-18","08:47:56"
"kwog@hydro.mb.ca","2022-11-18","08:49:03"
"kwog@hydro.mb.ca","2022-11-18","08:55:26"
"kwog@hydro.mb.ca","2022-11-18","09:04:24"
"kwog@hydro.mb.ca","2022-11-18","09:07:07"
"kwog@hydro.mb.ca","2022-11-18","09:13:47"
"kwog@hydro.mb.ca","2022-11-18","09:16:41"
"kwog@hydro.mb.ca","2022-11-18","09:17:53"
"kwog@hydro.mb.ca","2022-11-18","09:19:18"
"kwog@hydro.mb.ca","2022-11-18","09:21:58"
"kwog@hydro.mb.ca","2022-11-18","09:24:24"
"kwog@hydro.mb.ca","2022-11-18","09:27:21"
"kwog@hydro.mb.ca","2022-11-18","09:28:44"
"kwog@hydro.mb.ca","2022-11-18","09:29:54"
"kwog@hydro.mb.ca","2022-11-18","09:31:03"
"kwog@hydro.mb.ca","2022-11-18","10:02:17"
"kwog@hydro.mb.ca","2022-11-18","10:07:34"
"kwog@hydro.mb.ca","2022-11-18","10:09:22"
"kwog@hydro.mb.ca","2022-11-18","10:13:06"
"kwog@hydro.mb.ca","2022-11-18","10:17:13"
"kwog@hydro.mb.ca","2022-11-18","10:20:21"
"kwog@hydro.mb.ca","2022-11-18","10:21:33"
"kwog@hydro.mb.ca","2022-11-18","10:22:49"
"kwog@hydro.mb.ca","2022-11-18","10:29:17"
"kwog@hydro.mb.ca","2022-11-18","11:31:12"
"kwog@hydro.mb.ca","2022-11-18","11:35:49"
"kwog@hydro.mb.ca","2022-11-18","11:54:37"
"kwog@hydro.mb.ca","2022-11-18","11:58:37"
"kwog@hydro.mb.ca","2022-11-18","12:00:20"
"kwog@hydro.mb.ca","2022-11-18","12:01:32"
"kwog@hydro.mb.ca","2022-11-18","12:03:36"
"kwog@hydro.mb.ca","2022-11-18","12:11:10"
"kwog@hydro.mb.ca","2022-11-18","12:14:37"
"kwog@hydro.mb.ca","2022-11-18","12:19:05"
"kwog@hydro.mb.ca","2022-11-18","12:24:34"
"kwog@hydro.mb.ca","2022-11-18","12:25:17"
"kwog@hydro.mb.ca","2022-11-18","13:00:36"
"kwog@hydro.mb.ca","2022-11-18","13:59:53"
"kwog@hydro.mb.ca","2022-11-18","14:01:26"
"kwog@hydro.mb.ca","2022-11-18","14:10:41"
"kwog@hydro.mb.ca","2022-11-18","14:12:05"
"kwog@hydro.mb.ca","2022-11-18","14:12:48"
"kwog@hydro.mb.ca","2022-11-18","14:21:02"
"kwog@hydro.mb.ca","2022-11-18","14:25:25"
"kwog@hydro.mb.ca","2022-11-18","14:28:12"
"kwog@hydro.mb.ca","2022-11-25","07:54:03"
"kwog@hydro.mb.ca","2022-11-25","09:55:30"
"kwog@hydro.mb.ca","2022-11-25","10:04:16"
"kwog@hydro.mb.ca","2022-11-25","10:09:46"
"kwog@hydro.mb.ca","2022-11-25","10:11:35"
"kwog@hydro.mb.ca","2022-11-25","10:27:55"
"kwog@hydro.mb.ca","2022-11-25","10:32:25"
"kwog@hydro.mb.ca","2022-11-25","10:34:25"
"kwog@hydro.mb.ca","2022-11-25","10:40:09"
"kwog@hydro.mb.ca","2022-11-25","10:45:51"
"kwog@hydro.mb.ca","2022-11-25","10:47:49"
"kwog@hydro.mb.ca","2022-11-25","10:51:03"
"kwog@hydro.mb.ca","2022-11-25","10:52:21"
"kwog@hydro.mb.ca","2022-11-25","11:00:24"
"kwog@hydro.mb.ca","2022-11-25","11:10:50"
"kwog@hydro.mb.ca","2022-11-25","11:15:29"
"kwog@hydro.mb.ca","2022-11-25","11:23:02"
"kwog@hydro.mb.ca","2022-11-25","11:23:39"
"kwog@hydro.mb.ca","2022-11-25","11:25:10"
"kwog@hydro.mb.ca","2022-11-25","11:26:18"
"kwog@hydro.mb.ca","2022-11-25","11:27:04"
"kwog@hydro.mb.ca","2022-11-25","11:27:38"
"kwog@hydro.mb.ca","2022-11-25","11:28:09"
"kwog@hydro.mb.ca","2022-11-25","11:38:35"
"kwog@hydro.mb.ca","2022-11-25","11:46:19"
"kwog@hydro.mb.ca","2022-11-25","12:04:51"
"kwog@hydro.mb.ca","2022-11-25","12:26:41"
"kwog@hydro.mb.ca","2022-11-25","12:28:19"
"kwog@hydro.mb.ca","2022-11-25","12:33:59"
"kwog@hydro.mb.ca","2022-11-25","12:37:37"
"kwog@hydro.mb.ca","2022-11-25","13:03:31"
"kwog@hydro.mb.ca","2022-11-25","13:36:11"
"username_101","2022-11-25","13:40:24"
"username_101","2022-11-25","13:40:49"
"kwog@hydro.mb.ca","2022-11-25","13:41:17"
"username_101","2022-11-25","13:41:28"
"kwog@hydro.mb.ca","2022-11-25","13:42:39"
"username_101","2022-11-25","13:42:56"
"demo_account","2022-11-25","13:44:14"
"username_101","2022-11-25","13:44:32"
"username_101","2022-11-25","13:45:07"
"kwog@hydro.mb.ca","2022-11-25","13:47:17"
"username_150","2022-11-25","13:51:50"
"kwog@hydro.mb.ca","2022-11-25","13:54:37"
"kwog@hydro.mb.ca","2022-11-25","13:59:53"
"kwog@hydro.mb.ca","2022-11-25","14:04:33"
"","2022-11-25","14:12:49"
"kwog@hydro.mb.ca","2022-11-25","14:38:42"
"kwog@hydro.mb.ca","2022-11-25","14:42:52"
"kwog@hydro.mb.ca","2022-11-25","14:44:08"
"kwog@hydro.mb.ca","2022-11-25","14:46:52"
"kwog@hydro.mb.ca","2022-11-25","14:51:36"
"kwog@hydro.mb.ca","2022-11-25","14:56:18"
"kwog@hydro.mb.ca","2022-11-25","15:05:30"
"kwog@hydro.mb.ca","2022-11-25","15:12:48"
"kwog@hydro.mb.ca","2022-11-25","15:14:30"
"kwog@hydro.mb.ca","2022-11-25","15:16:10"
"kwog@hydro.mb.ca","2022-11-29","04:27:53"
"kwog@hydro.mb.ca","2022-11-29","06:01:53"
"kwog@hydro.mb.ca","2022-11-29","06:03:08"
"kwog@hydro.mb.ca","2022-11-29","06:03:08"
"kwog@hydro.mb.ca","2022-11-29","06:03:08"
"kwog@hydro.mb.ca","2022-11-29","06:03:09"
"kwog@hydro.mb.ca","2022-11-29","06:03:09"
"kwog@hydro.mb.ca","2022-11-29","06:03:09"
"kwog@hydro.mb.ca","2022-11-29","06:03:10"
"kwog@hydro.mb.ca","2022-11-29","06:03:10"
"kwog@hydro.mb.ca","2022-11-29","06:03:10"
"kwog@hydro.mb.ca","2022-11-29","06:03:11"
"kwog@hydro.mb.ca","2022-11-29","06:03:11"
"kwog@hydro.mb.ca","2022-11-29","06:03:11"
"kwog@hydro.mb.ca","2022-11-29","06:03:12"
"kwog@hydro.mb.ca","2022-11-29","06:03:12"
"kwog@hydro.mb.ca","2022-11-29","06:03:12"
"kwog@hydro.mb.ca","2022-11-29","06:03:13"
"kwog@hydro.mb.ca","2022-11-29","06:03:13"
"kwog@hydro.mb.ca","2022-11-29","06:03:13"
"kwog@hydro.mb.ca","2022-11-29","06:03:14"
"kwog@hydro.mb.ca","2022-11-29","06:03:14"
"kwog@hydro.mb.ca","2022-11-29","06:03:15"
"kwog@hydro.mb.ca","2022-11-29","06:03:15"
"kwog@hydro.mb.ca","2022-11-29","06:03:15"
"kwog@hydro.mb.ca","2022-11-29","06:03:16"
"kwog@hydro.mb.ca","2022-11-29","06:03:16"
"kwog@hydro.mb.ca","2022-11-29","06:03:16"
"kwog@hydro.mb.ca","2022-11-29","06:03:17"
"kwog@hydro.mb.ca","2022-11-29","06:03:17"
"kwog@hydro.mb.ca","2022-11-29","06:03:17"
"kwog@hydro.mb.ca","2022-11-29","06:03:18"
"kwog@hydro.mb.ca","2022-11-29","06:03:18"
"kwog@hydro.mb.ca","2022-11-29","06:03:19"
"kwog@hydro.mb.ca","2022-11-29","06:03:19"
"kwog@hydro.mb.ca","2022-11-29","06:03:19"
"kwog@hydro.mb.ca","2022-11-29","06:03:20"
"kwog@hydro.mb.ca","2022-11-29","06:03:20"
"kwog@hydro.mb.ca","2022-11-29","06:03:20"
"kwog@hydro.mb.ca","2022-11-29","06:03:21"
"kwog@hydro.mb.ca","2022-11-29","06:03:21"
"kwog@hydro.mb.ca","2022-11-29","06:03:21"
"kwog@hydro.mb.ca","2022-11-29","06:03:22"
"kwog@hydro.mb.ca","2022-11-29","06:03:22"
"kwog@hydro.mb.ca","2022-11-29","06:03:22"
"kwog@hydro.mb.ca","2022-11-29","06:03:22"
"kwog@hydro.mb.ca","2022-11-29","06:03:23"
"kwog@hydro.mb.ca","2022-11-29","06:03:23"
"kwog@hydro.mb.ca","2022-11-29","06:03:23"
"kwog@hydro.mb.ca","2022-11-29","06:03:24"
"kwog@hydro.mb.ca","2022-11-29","06:03:24"
"kwog@hydro.mb.ca","2022-11-29","06:03:24"
"kwog@hydro.mb.ca","2022-11-29","06:03:25"
"kwog@hydro.mb.ca","2022-11-29","06:03:25"
"kwog@hydro.mb.ca","2022-11-29","06:03:25"
"kwog@hydro.mb.ca","2022-11-29","06:03:26"
"kwog@hydro.mb.ca","2022-11-29","06:03:26"
"kwog@hydro.mb.ca","2022-11-29","06:03:26"
"kwog@hydro.mb.ca","2022-11-29","06:03:27"
"kwog@hydro.mb.ca","2022-11-29","06:03:27"
"kwog@hydro.mb.ca","2022-11-29","06:03:27"
"kwog@hydro.mb.ca","2022-11-29","06:03:28"
"kwog@hydro.mb.ca","2022-11-29","06:03:28"
"kwog@hydro.mb.ca","2022-11-29","06:03:28"
"kwog@hydro.mb.ca","2022-11-29","06:03:29"
"kwog@hydro.mb.ca","2022-11-29","06:03:29"
"kwog@hydro.mb.ca","2022-11-29","06:03:29"
"kwog@hydro.mb.ca","2022-11-29","06:03:30"
"kwog@hydro.mb.ca","2022-11-29","06:03:30"
"kwog@hydro.mb.ca","2022-11-29","06:03:30"
"kwog@hydro.mb.ca","2022-11-29","06:03:30"
"kwog@hydro.mb.ca","2022-11-29","06:03:31"
"kwog@hydro.mb.ca","2022-11-29","06:03:31"
"kwog@hydro.mb.ca","2022-11-29","06:03:31"
"kwog@hydro.mb.ca","2022-11-29","06:03:32"
"kwog@hydro.mb.ca","2022-11-29","06:03:32"
"kwog@hydro.mb.ca","2022-11-29","06:03:32"
"kwog@hydro.mb.ca","2022-11-29","06:03:33"
"kwog@hydro.mb.ca","2022-11-29","06:03:33"
"kwog@hydro.mb.ca","2022-11-29","06:03:33"
"kwog@hydro.mb.ca","2022-11-29","06:03:34"
"kwog@hydro.mb.ca","2022-11-29","06:03:34"
"kwog@hydro.mb.ca","2022-11-29","06:03:34"
"kwog@hydro.mb.ca","2022-11-29","06:03:35"
"kwog@hydro.mb.ca","2022-11-29","06:03:35"
"kwog@hydro.mb.ca","2022-11-29","06:03:35"
"kwog@hydro.mb.ca","2022-11-29","06:03:36"
"kwog@hydro.mb.ca","2022-11-29","06:03:36"
"kwog@hydro.mb.ca","2022-11-29","06:03:36"
"kwog@hydro.mb.ca","2022-11-29","06:03:37"
"kwog@hydro.mb.ca","2022-11-29","06:03:37"
"kwog@hydro.mb.ca","2022-11-29","06:03:37"
"kwog@hydro.mb.ca","2022-11-29","06:03:38"
"kwog@hydro.mb.ca","2022-11-29","06:03:38"
"kwog@hydro.mb.ca","2022-11-29","06:03:38"
"kwog@hydro.mb.ca","2022-11-29","06:03:38"
"kwog@hydro.mb.ca","2022-11-29","06:03:39"
"kwog@hydro.mb.ca","2022-11-29","06:03:39"
"kwog@hydro.mb.ca","2022-11-29","06:03:39"
"kwog@hydro.mb.ca","2022-11-29","06:03:40"
"kwog@hydro.mb.ca","2022-11-29","06:03:40"
"kwog@hydro.mb.ca","2022-11-29","06:03:40"
"kwog@hydro.mb.ca","2022-11-29","06:03:41"
"kwog@hydro.mb.ca","2022-11-29","06:03:41"
"kwog@hydro.mb.ca","2022-11-29","06:03:41"
"kwog@hydro.mb.ca","2022-11-29","06:03:42"
"kwog@hydro.mb.ca","2022-11-29","06:03:42"
"kwog@hydro.mb.ca","2022-11-29","06:03:42"
"kwog@hydro.mb.ca","2022-11-29","06:03:43"
"kwog@hydro.mb.ca","2022-11-29","06:03:43"
"kwog@hydro.mb.ca","2022-11-29","06:03:43"
"kwog@hydro.mb.ca","2022-11-29","06:03:44"
"kwog@hydro.mb.ca","2022-11-29","06:03:44"
"kwog@hydro.mb.ca","2022-11-29","06:03:44"
"kwog@hydro.mb.ca","2022-11-29","06:03:45"
"kwog@hydro.mb.ca","2022-11-29","06:03:45"
"kwog@hydro.mb.ca","2022-11-29","06:03:45"
"kwog@hydro.mb.ca","2022-11-29","06:03:46"
"kwog@hydro.mb.ca","2022-11-29","06:03:46"
"kwog@hydro.mb.ca","2022-11-29","06:03:46"
"kwog@hydro.mb.ca","2022-11-29","06:03:47"
"kwog@hydro.mb.ca","2022-11-29","06:03:47"
"kwog@hydro.mb.ca","2022-11-29","06:03:47"
"kwog@hydro.mb.ca","2022-11-29","06:03:48"
"kwog@hydro.mb.ca","2022-11-29","06:03:48"
"kwog@hydro.mb.ca","2022-11-29","06:03:48"
"kwog@hydro.mb.ca","2022-11-29","06:03:49"
"kwog@hydro.mb.ca","2022-11-29","06:03:49"
"kwog@hydro.mb.ca","2022-11-29","06:03:49"
"kwog@hydro.mb.ca","2022-11-29","06:04:13"
"kwog@hydro.mb.ca","2022-11-28","15:40:15"
"kwog@hydro.mb.ca","2022-11-28","15:40:30"
"kwog@hydro.mb.ca","2022-11-28","21:03:00"
"kwog@hydro.mb.ca","2022-11-29","10:53:16"
"kwog@hydro.mb.ca","2022-11-29","11:01:46"
"kwog@hydro.mb.ca","2022-11-29","11:03:15"
"kwog@hydro.mb.ca","2022-11-29","11:05:00"
"kwog@hydro.mb.ca","2022-11-29","11:05:44"
"kwog@hydro.mb.ca","2022-11-29","12:36:59"
"kwog@hydro.mb.ca","2022-11-29","16:28:47"
"kwog@hydro.mb.ca","2022-11-29","16:35:41"
"kwog@hydro.mb.ca","2022-11-29","16:36:28"
"kwog@hydro.mb.ca","2022-11-29","16:37:14"
"kwog@hydro.mb.ca","2022-11-29","16:37:52"
"kwog@hydro.mb.ca","2022-11-29","16:46:56"
"kwog@hydro.mb.ca","2022-11-29","16:49:02"
"kwog@hydro.mb.ca","2022-11-29","16:49:19"
"kwog@hydro.mb.ca","2022-11-29","16:50:09"
"kwog@hydro.mb.ca","2022-11-29","16:55:08"
"kwog@hydro.mb.ca","2022-11-29","18:31:56"
"kwog@hydro.mb.ca","2022-11-29","18:32:55"
"kwog@hydro.mb.ca","2022-11-29","18:35:55"
"kwog@hydro.mb.ca","2022-11-29","18:37:07"
"kwog@hydro.mb.ca","2022-11-29","18:41:45"
"kwog@hydro.mb.ca","2022-11-29","18:46:54"
"kwog@hydro.mb.ca","2022-11-29","18:49:48"
"kwog@hydro.mb.ca","2022-11-29","18:51:44"
"kwog@hydro.mb.ca","2022-11-29","18:53:51"
"kwog@hydro.mb.ca","2022-11-29","18:54:25"
"kwog@hydro.mb.ca","2022-11-29","18:55:51"
"kwog@hydro.mb.ca","2022-11-29","18:57:22"
"kwog@hydro.mb.ca","2022-11-29","18:57:43"
"kwog@hydro.mb.ca","2022-11-29","19:06:00"
"kwog@hydro.mb.ca","2022-11-29","19:28:39"
"kwog@hydro.mb.ca","2022-11-29","19:34:26"
"kwog@hydro.mb.ca","2022-11-29","19:35:27"
"kwog@hydro.mb.ca","2022-11-29","19:36:04"
"kwog@hydro.mb.ca","2022-11-29","19:39:57"
"kwog@hydro.mb.ca","2022-11-29","19:41:05"
"kwog@hydro.mb.ca","2022-11-29","19:42:41"
"kwog@hydro.mb.ca","2022-11-29","19:43:36"
"kwog@hydro.mb.ca","2022-11-29","19:44:06"
"kwog@hydro.mb.ca","2022-11-29","19:56:01"
"kwog@hydro.mb.ca","2022-11-29","20:00:24"
"kwog@hydro.mb.ca","2022-11-29","20:11:00"
"kwog@hydro.mb.ca","2022-11-29","20:14:40"
"kwog@hydro.mb.ca","2022-11-29","20:17:55"
"kwog@hydro.mb.ca","2022-11-29","20:29:23"
"kwog@hydro.mb.ca","2022-11-29","20:36:12"
"kwog@hydro.mb.ca","2022-11-29","20:39:51"
"kwog@hydro.mb.ca","2022-11-29","20:42:16"
"kwog@hydro.mb.ca","2022-11-29","20:43:18"
"kwog@hydro.mb.ca","2022-11-29","20:45:15"
"kwog@hydro.mb.ca","2022-11-29","20:46:58"
"kwog@hydro.mb.ca","2022-11-29","20:51:40"
"kwog@hydro.mb.ca","2022-11-29","20:53:13"
"kwog@hydro.mb.ca","2022-11-29","21:04:39"
"kwog@hydro.mb.ca","2022-11-29","21:06:33"
"kwog@hydro.mb.ca","2022-11-29","21:08:45"
"kwog@hydro.mb.ca","2022-11-29","21:10:42"
"kwog@hydro.mb.ca","2022-11-29","21:11:34"
"kwog@hydro.mb.ca","2022-11-29","21:14:40"
"kwog@hydro.mb.ca","2022-11-29","21:16:45"
"kwog@hydro.mb.ca","2022-11-29","21:29:32"
"kwog@hydro.mb.ca","2022-11-29","21:31:14"
"kwog@hydro.mb.ca","2022-11-29","21:31:55"
"kwog@hydro.mb.ca","2022-11-29","21:35:15"
"kwog@hydro.mb.ca","2022-11-29","21:36:14"
"kwog@hydro.mb.ca","2022-11-29","21:37:09"
"kwog@hydro.mb.ca","2022-11-29","21:39:04"
"kwog@hydro.mb.ca","2022-11-29","21:43:38"
"kwog@hydro.mb.ca","2022-11-29","21:46:44"
"kwog@hydro.mb.ca","2022-11-29","21:51:31"
"kwog@hydro.mb.ca","2022-11-29","21:52:33"
"kwog@hydro.mb.ca","2022-11-29","21:53:18"
"kwog@hydro.mb.ca","2022-11-29","21:54:39"
"kwog@hydro.mb.ca","2022-11-29","21:55:18"
"kwog@hydro.mb.ca","2022-11-29","21:56:18"
"kwog@hydro.mb.ca","2022-11-29","21:57:15"
"kwog@hydro.mb.ca","2022-11-29","21:59:10"
"kwog@hydro.mb.ca","2022-11-29","22:01:47"
"kwog@hydro.mb.ca","2022-11-29","22:02:50"
"kwog@hydro.mb.ca","2022-11-29","22:04:21"
"kwog@hydro.mb.ca","2022-11-29","22:07:08"
"kwog@hydro.mb.ca","2022-11-29","22:08:54"
"kwog@hydro.mb.ca","2022-11-29","22:14:48"
"kwog@hydro.mb.ca","2022-11-29","22:17:44"
"kwog@hydro.mb.ca","2022-11-29","22:21:06"
"mike_pagtakhan","2022-11-29","22:21:37"
"kwog@hydro.mb.ca","2022-11-29","22:23:31"
"kwog@hydro.mb.ca","2022-11-29","22:23:58"
"kwog@hydro.mb.ca","2022-11-29","22:24:20"
"kwog@hydro.mb.ca","2022-11-29","22:26:02"
"kwog@hydro.mb.ca","2022-11-29","22:28:44"
"kwog@hydro.mb.ca","2022-11-30","13:29:00"
"kwog@hydro.mb.ca","2022-11-30","16:08:17"
"kwog@hydro.mb.ca","2022-12-02","07:44:53"
"kwog@hydro.mb.ca","2022-12-02","07:51:03"
"kwog@hydro.mb.ca","2022-12-02","07:51:33"
"kwog@hydro.mb.ca","2022-12-02","08:23:00"
"kwog@hydro.mb.ca","2022-12-02","08:26:32"
"kwog@hydro.mb.ca","2022-12-02","09:34:32"
"kwog@hydro.mb.ca","2022-12-02","09:44:12"
"kwog@hydro.mb.ca","2022-12-02","09:48:29"
"kwog@hydro.mb.ca","2022-12-02","09:51:51"
"kwog@hydro.mb.ca","2022-12-02","09:52:54"
"kwog@hydro.mb.ca","2022-12-02","09:54:32"
"kwog@hydro.mb.ca","2022-12-02","10:05:05"
"kwog@hydro.mb.ca","2022-12-02","10:06:54"
"kwog@hydro.mb.ca","2022-12-02","10:08:01"
"kwog@hydro.mb.ca","2022-12-02","10:18:36"
"kwog@hydro.mb.ca","2022-12-02","10:19:22"
"kwog@hydro.mb.ca","2022-12-02","11:58:30"
"kwog@hydro.mb.ca","2022-12-02","12:00:30"
"kwog@hydro.mb.ca","2022-12-02","12:06:36"
"kwog@hydro.mb.ca","2022-12-02","12:08:28"
"kwog@hydro.mb.ca","2022-12-02","12:19:37"
"kwog@hydro.mb.ca","2022-12-02","12:21:07"
"kwog@hydro.mb.ca","2022-12-02","12:54:42"
"kwog@hydro.mb.ca","2022-12-02","13:35:17"
"kwog@hydro.mb.ca","2022-12-02","13:37:04"
"kwog@hydro.mb.ca","2022-12-02","13:47:28"
"kwog@hydro.mb.ca","2022-12-02","14:04:17"
"kwog@hydro.mb.ca","2022-12-02","14:05:55"
"kwog@hydro.mb.ca","2022-12-02","15:04:57"
"kwog@hydro.mb.ca","2022-12-02","15:30:53"
"kwog@hydro.mb.ca","2022-12-04","20:50:50"
"kwog@hydro.mb.ca","2022-12-04","20:52:51"
"kwog@hydro.mb.ca","2022-12-05","13:29:37"
"kwog@hydro.mb.ca","2022-12-07","16:30:49"
"kwog@hydro.mb.ca","2022-12-07","16:30:53"
"kwog@hydro.mb.ca","2022-12-07","16:31:03"
"kwog@hydro.mb.ca","2022-12-07","16:34:52"
"kwog@hydro.mb.ca","2022-12-07","16:45:05"
"kwog@hydro.mb.ca","2022-12-07","17:27:32"
"kwog@hydro.mb.ca","2022-12-07","17:28:34"
"kwog@hydro.mb.ca","2022-12-07","17:34:22"
"kwog@hydro.mb.ca","2022-12-07","17:38:49"
"kwog@hydro.mb.ca","2022-12-08","10:50:09"
"kwog@hydro.mb.ca","2022-12-08","11:00:36"
"kwog@hydro.mb.ca","2022-12-08","11:30:45"
"kwog@hydro.mb.ca","2022-12-08","11:34:46"
"kwog@hydro.mb.ca","2022-12-08","11:41:48"
"kwog@hydro.mb.ca","2022-12-08","11:45:42"
"kwog@hydro.mb.ca","2022-12-08","15:05:38"
"kwog@hydro.mb.ca","2022-12-08","15:10:34"
"kwog@hydro.mb.ca","2022-12-08","21:41:17"
"kwog@hydro.mb.ca","2022-12-08","21:51:26"
"kwog@hydro.mb.ca","2022-12-08","21:54:17"
"kwog@hydro.mb.ca","2022-12-08","21:55:17"
"kwog@hydro.mb.ca","2022-12-08","21:57:39"
"kwog@hydro.mb.ca","2022-12-16","08:26:31"
"kwog@hydro.mb.ca","2022-12-16","08:36:02"
"kwog@hydro.mb.ca","2022-12-16","08:38:23"
"kwog@hydro.mb.ca","2022-12-16","08:39:11"
"kwog@hydro.mb.ca","2022-12-16","08:56:05"
"kwog@hydro.mb.ca","2022-12-16","11:02:49"
"kwog@hydro.mb.ca","2022-12-16","11:05:19"
"kwog@hydro.mb.ca","2022-12-16","11:10:04"
"mike_pagtakhan","2022-12-16","11:10:32"
"kjogow527","2022-12-16","11:13:10"
"mike_pagtakhan","2022-12-16","11:13:23"
"mike_pagtakhan","2022-12-16","11:20:23"
"kwog@hydro.mb.ca","2022-12-16","11:25:04"
"kwog@hydro.mb.ca","2022-12-16","11:32:30"
"kwog@hydro.mb.ca","2022-12-16","11:44:14"
"mike_pagtakhan","2022-12-16","11:48:38"
"kwog@hydro.mb.ca","2022-12-16","11:55:55"
"demo_account","2022-12-19","08:31:24"
"demo_account","2022-12-19","08:33:15"
"demo_account","2022-12-21","13:40:43"
"kwog@hydro.mb.ca","2022-12-23","07:39:49"
"kwog@hydro.mb.ca","2022-12-23","07:56:14"
"kwog@hydro.mb.ca","2022-12-23","07:58:02"
"kwog@hydro.mb.ca","2022-12-23","07:58:58"
"kwog@hydro.mb.ca","2022-12-23","08:25:20"
"kwog@hydro.mb.ca","2022-12-23","08:33:30"
"kwog@hydro.mb.ca","2022-12-23","10:14:21"
"kwog@hydro.mb.ca","2022-12-23","10:26:41"
"kwog@hydro.mb.ca","2022-12-23","10:32:06"
"kwog@hydro.mb.ca","2022-12-23","10:36:04"
"kwog@hydro.mb.ca","2022-12-23","10:57:38"
"kwog@hydro.mb.ca","2022-12-23","22:48:34"
"kwog@hydro.mb.ca","2022-12-24","10:54:32"
"kwog@hydro.mb.ca","2022-12-24","10:57:03"
"kwog@hydro.mb.ca","2022-12-24","10:58:25"
"kwog@hydro.mb.ca","2022-12-24","11:08:58"
"kwog@hydro.mb.ca","2022-12-24","13:25:25"
"kwog@hydro.mb.ca","2022-12-24","14:40:23"
"kwog@hydro.mb.ca","2022-12-24","14:43:19"
"kwog@hydro.mb.ca","2022-12-24","14:46:41"
"kjogow527","2022-12-24","14:52:50"
"kjogow527","2022-12-24","14:53:17"
"kjogow527","2022-12-24","14:54:39"
"kjogow527","2022-12-24","15:09:30"
"kjogow527","2022-12-24","15:09:44"
"kwog@hydro.mb.ca","2022-12-24","15:24:36"
"kwog@hydro.mb.ca","2022-12-24","15:25:40"
"kwog@hydro.mb.ca","2022-12-24","15:26:08"
"kwog@hydro.mb.ca","2022-12-24","15:34:10"
"kwog@hydro.mb.ca","2022-12-24","16:14:28"
"kjogow527","2022-12-24","16:22:35"
"kjogow527","2022-12-24","16:39:54"
"kwog@hydro.mb.ca","2022-12-24","18:26:01"
"kwog@hydro.mb.ca","2022-12-24","18:28:12"
"kjogow527","2022-12-24","18:33:00"
"jimmy123","2022-12-24","18:35:55"
"kwog@hydro.mb.ca","2022-12-24","18:38:41"
"jimmy123","2022-12-24","19:02:02"
"kwog@hydro.mb.ca","2022-12-24","22:47:23"
"kwog@hydro.mb.ca","2022-12-24","22:47:54"
"kwog@hydro.mb.ca","2022-12-24","22:53:48"
"kwog@hydro.mb.ca","2022-12-24","23:30:09"
"kwog@hydro.mb.ca","2022-12-24","23:33:25"
"kwog@hydro.mb.ca","2022-12-24","23:37:00"
"kjogow527","2022-12-24","23:41:17"
"kjogow527","2022-12-24","23:42:23"
"kjogow527","2022-12-24","23:42:26"
"kwog@hydro.mb.ca","2022-12-25","11:10:33"
"kwog@hydro.mb.ca","2022-12-25","12:11:57"
"kwog@hydro.mb.ca","2022-12-25","12:12:20"
"kwog@hydro.mb.ca","2022-12-25","12:13:46"
"kwog@hydro.mb.ca","2022-12-25","12:20:48"
"kwog@hydro.mb.ca","2022-12-25","12:22:38"
"kwog@hydro.mb.ca","2022-12-25","12:22:58"
"kwog@hydro.mb.ca","2022-12-25","12:32:02"
"kwog@hydro.mb.ca","2022-12-25","12:34:27"
"kwog@hydro.mb.ca","2022-12-25","12:37:05"
"kwog@hydro.mb.ca","2022-12-25","12:39:39"
"kwog@hydro.mb.ca","2022-12-25","12:40:28"
"kwog@hydro.mb.ca","2022-12-25","12:41:01"
"kwog@hydro.mb.ca","2022-12-25","12:41:53"
"kwog@hydro.mb.ca","2022-12-25","12:43:44"
"kwog@hydro.mb.ca","2022-12-25","12:43:48"
"kwog@hydro.mb.ca","2022-12-25","12:47:13"
"kwog@hydro.mb.ca","2022-12-25","12:59:10"
"kwog@hydro.mb.ca","2022-12-25","12:59:30"
"kwog@hydro.mb.ca","2022-12-25","12:59:46"
"kwog@hydro.mb.ca","2022-12-25","12:59:52"
"kwog@hydro.mb.ca","2022-12-25","13:00:21"
"kwog@hydro.mb.ca","2022-12-25","13:14:40"
"kwog@hydro.mb.ca","2022-12-25","13:14:56"
"kwog@hydro.mb.ca","2022-12-25","13:14:59"
"kwog@hydro.mb.ca","2022-12-25","13:15:02"
"kwog@hydro.mb.ca","2022-12-25","13:15:10"
"kwog@hydro.mb.ca","2022-12-25","13:15:40"
"kwog@hydro.mb.ca","2022-12-25","13:16:08"
"kwog@hydro.mb.ca","2022-12-25","13:30:29"
"kwog@hydro.mb.ca","2022-12-25","13:34:35"
"kwog@hydro.mb.ca","2022-12-25","13:34:39"
"kwog@hydro.mb.ca","2022-12-25","13:34:43"
"kwog@hydro.mb.ca","2022-12-25","13:35:09"
"kwog@hydro.mb.ca","2022-12-25","13:36:19"
"kwog@hydro.mb.ca","2022-12-25","13:37:29"
"kwog@hydro.mb.ca","2022-12-25","13:39:11"
"kwog@hydro.mb.ca","2022-12-25","13:39:15"
"kwog@hydro.mb.ca","2022-12-25","13:39:19"
"kwog@hydro.mb.ca","2022-12-25","13:40:20"
"kwog@hydro.mb.ca","2022-12-25","13:49:15"
"kwog@hydro.mb.ca","2022-12-25","13:49:37"
"jimmy123","2022-12-25","14:05:04"
"kwog@hydro.mb.ca","2022-12-25","14:51:33"
"kwog@hydro.mb.ca","2022-12-25","14:51:56"
"kwog@hydro.mb.ca","2022-12-25","14:53:37"
"kwog@hydro.mb.ca","2022-12-25","14:53:48"
"kjogow527","2022-12-25","15:00:33"
"kwog@hydro.mb.ca","2022-12-25","15:47:52"
"jimmy123","2022-12-25","15:49:53"
"kjogow527","2022-12-25","15:59:17"
"kwog@hydro.mb.ca","2022-12-25","16:28:53"
"kwog@hydro.mb.ca","2022-12-25","18:51:04"
"kjogow527","2022-12-25","22:00:26"
"kwog@hydro.mb.ca","2022-12-26","12:57:16"
"kwog@hydro.mb.ca","2023-01-06","12:25:10"
"kwog@hydro.mb.ca","2023-01-10","16:03:00"
"kwog@hydro.mb.ca","2023-01-10","16:15:24"
"kwog@hydro.mb.ca","2023-01-12","15:30:20"
"kwog@hydro.mb.ca","2023-01-13","08:31:29"
"kwog@hydro.mb.ca","2023-01-13","13:24:49"
"kwog@hydro.mb.ca","2023-01-17","10:59:45"
"kwog@hydro.mb.ca","2023-01-20","07:46:45"
"kwog@hydro.mb.ca","2023-01-20","13:11:13"
"kwog@hydro.mb.ca","2023-01-27","07:39:41"
"kwog@hydro.mb.ca","2023-02-03","11:59:31"
"kwog@hydro.mb.ca","2023-02-03","14:02:50"
"kwog@hydro.mb.ca","2023-02-03","14:04:41"
"kwog@hydro.mb.ca","2023-02-03","14:13:17"
"kwog@hydro.mb.ca","2023-02-07","18:26:23"
"kwog@hydro.mb.ca","2023-02-07","18:29:02"
"kwog@hydro.mb.ca","2023-02-07","18:38:58"
"kwog@hydro.mb.ca","2023-02-07","18:55:40"
"kwog@hydro.mb.ca","2023-02-07","18:58:20"
"kwog@hydro.mb.ca","2023-02-07","19:00:20"
"kwog@hydro.mb.ca","2023-02-07","19:06:21"
"kwog@hydro.mb.ca","2023-02-07","19:07:43"
"kwog@hydro.mb.ca","2023-02-07","19:09:29"
"kwog@hydro.mb.ca","2023-02-07","19:20:38"
"kwog@hydro.mb.ca","2023-02-07","19:21:05"
"kwog@hydro.mb.ca","2023-02-07","19:23:22"
"kwog@hydro.mb.ca","2023-02-09","13:05:09"
"kwog@hydro.mb.ca","2023-02-09","13:33:44"
"kwog@hydro.mb.ca","2023-02-10","07:49:44"
"kwog@hydro.mb.ca","2023-02-10","14:32:45"
"kwog@hydro.mb.ca","2023-02-16","13:04:41"
"kwog@hydro.mb.ca","2023-02-16","13:12:54"
"kwog@hydro.mb.ca","2023-02-17","08:18:42"
"kwog@hydro.mb.ca","2023-02-17","10:35:24"
"kwog@hydro.mb.ca","2023-02-17","10:39:09"
"kwog@hydro.mb.ca","2023-02-17","10:39:35"
"kwog@hydro.mb.ca","2023-02-24","08:23:30"
"kwog@hydro.mb.ca","2023-02-24","12:03:40"
"kwog@hydro.mb.ca","2023-02-24","15:15:34"
"kwog@hydro.mb.ca","2023-03-10","13:15:39"
"kwog@hydro.mb.ca","2023-03-10","13:44:27"
